photo_id,species,marked,inat_url
8938322,Synthliboramphus antiquus,0,https://www.inaturalist.org/photos/8938322
412577236,Synthliboramphus antiquus,0,https://www.inaturalist.org/photos/412577236
138899718,Synthliboramphus antiquus,0,https://www.inaturalist.org/photos/138899718
304392901,Synthliboramphus antiquus,0,https://www.inaturalist.org/photos/304392901
306604102,Synthliboramphus antiquus,0,https://www.inaturalist.org/photos/306604102
392265575,Synthliboramphus antiquus,0,https://www.inaturalist.org/photos/392265575
337453287,Synthliboramphus antiquus,0,https://www.inaturalist.org/photos/337453287
215342031,Synthliboramphus antiquus,0,https://www.inaturalist.org/photos/215342031
1491858,Synthliboramphus antiquus,0,https://www.inaturalist.org/photos/1491858
8938324,Synthliboramphus antiquus,0,https://www.inaturalist.org/photos/8938324
308913433,Synthliboramphus antiquus,0,https://www.inaturalist.org/photos/308913433
412577219,Synthliboramphus antiquus,0,https://www.inaturalist.org/photos/412577219
286466169,Synthliboramphus antiquus,0,https://www.inaturalist.org/photos/286466169
313319956,Synthliboramphus antiquus,0,https://www.inaturalist.org/photos/313319956
138900194,Synthliboramphus antiquus,0,https://www.inaturalist.org/photos/138900194
304392920,Synthliboramphus antiquus,0,https://www.inaturalist.org/photos/304392920
423679121,Synthliboramphus antiquus,0,https://www.inaturalist.org/photos/423679121
412577146,Synthliboramphus antiquus,0,https://www.inaturalist.org/photos/412577146
302973025,Synthliboramphus antiquus,0,https://www.inaturalist.org/photos/302973025
244220761,Synthliboramphus antiquus,0,https://www.inaturalist.org/photos/244220761
300662018,Synthliboramphus antiquus,0,https://www.inaturalist.org/photos/300662018
115139856,Synthliboramphus antiquus,0,https://www.inaturalist.org/photos/115139856
306040946,Synthliboramphus antiquus,0,https://www.inaturalist.org/photos/306040946
403328195,Synthliboramphus antiquus,0,https://www.inaturalist.org/photos/403328195
244220770,Synthliboramphus antiquus,0,https://www.inaturalist.org/photos/244220770
419526286,Synthliboramphus antiquus,0,https://www.inaturalist.org/photos/419526286
394888865,Synthliboramphus antiquus,0,https://www.inaturalist.org/photos/394888865
321746717,Synthliboramphus antiquus,0,https://www.inaturalist.org/photos/321746717
403328200,Synthliboramphus antiquus,0,https://www.inaturalist.org/photos/403328200
114683806,Synthliboramphus antiquus,0,https://www.inaturalist.org/photos/114683806
300301470,Synthliboramphus antiquus,0,https://www.inaturalist.org/photos/300301470
295150402,Synthliboramphus antiquus,0,https://www.inaturalist.org/photos/295150402
412569088,Synthliboramphus antiquus,0,https://www.inaturalist.org/photos/412569088
302491128,Synthliboramphus antiquus,0,https://www.inaturalist.org/photos/302491128
417275734,Synthliboramphus antiquus,0,https://www.inaturalist.org/photos/417275734
417275720,Synthliboramphus antiquus,0,https://www.inaturalist.org/photos/417275720
414093990,Synthliboramphus antiquus,0,https://www.inaturalist.org/photos/414093990
308914307,Synthliboramphus antiquus,0,https://www.inaturalist.org/photos/308914307
20882429,Synthliboramphus antiquus,0,https://www.inaturalist.org/photos/20882429
409071533,Synthliboramphus antiquus,0,https://www.inaturalist.org/photos/409071533
423678788,Synthliboramphus antiquus,0,https://www.inaturalist.org/photos/423678788
408777986,Synthliboramphus antiquus,0,https://www.inaturalist.org/photos/408777986
306603997,Synthliboramphus antiquus,0,https://www.inaturalist.org/photos/306603997
20882427,Synthliboramphus antiquus,0,https://www.inaturalist.org/photos/20882427
244220739,Synthliboramphus antiquus,0,https://www.inaturalist.org/photos/244220739
414666205,Synthliboramphus antiquus,0,https://www.inaturalist.org/photos/414666205
4382442,Synthliboramphus antiquus,0,https://www.inaturalist.org/photos/4382442
293815049,Synthliboramphus antiquus,0,https://www.inaturalist.org/photos/293815049
304284159,Synthliboramphus antiquus,0,https://www.inaturalist.org/photos/304284159
20708097,Synthliboramphus antiquus,0,https://www.inaturalist.org/photos/20708097
398816097,Synthliboramphus antiquus,0,https://www.inaturalist.org/photos/398816097
301416869,Synthliboramphus antiquus,0,https://www.inaturalist.org/photos/301416869
10396264,Synthliboramphus antiquus,0,https://www.inaturalist.org/photos/10396264
304392893,Synthliboramphus antiquus,0,https://www.inaturalist.org/photos/304392893
20882372,Synthliboramphus antiquus,0,https://www.inaturalist.org/photos/20882372
211966036,Synthliboramphus antiquus,0,https://www.inaturalist.org/photos/211966036
432295214,Synthliboramphus antiquus,0,https://www.inaturalist.org/photos/432295214
423679159,Synthliboramphus antiquus,0,https://www.inaturalist.org/photos/423679159
423677661,Synthliboramphus antiquus,0,https://www.inaturalist.org/photos/423677661
5511244,Synthliboramphus antiquus,0,https://www.inaturalist.org/photos/5511244
244221319,Synthliboramphus antiquus,0,https://www.inaturalist.org/photos/244221319
423678873,Synthliboramphus antiquus,0,https://www.inaturalist.org/photos/423678873
409083477,Synthliboramphus antiquus,0,https://www.inaturalist.org/photos/409083477
394462842,Synthliboramphus antiquus,0,https://www.inaturalist.org/photos/394462842
218717897,Synthliboramphus antiquus,0,https://www.inaturalist.org/photos/218717897
402547582,Synthliboramphus antiquus,0,https://www.inaturalist.org/photos/402547582
441440510,Synthliboramphus antiquus,0,https://www.inaturalist.org/photos/441440510
2709799,Synthliboramphus antiquus,0,https://www.inaturalist.org/photos/2709799
417275713,Synthliboramphus antiquus,0,https://www.inaturalist.org/photos/417275713
409068406,Synthliboramphus antiquus,0,https://www.inaturalist.org/photos/409068406
295150378,Synthliboramphus antiquus,0,https://www.inaturalist.org/photos/295150378
306790505,Synthliboramphus antiquus,0,https://www.inaturalist.org/photos/306790505
299043579,Synthliboramphus antiquus,0,https://www.inaturalist.org/photos/299043579
111404749,Synthliboramphus antiquus,0,https://www.inaturalist.org/photos/111404749
302973797,Synthliboramphus antiquus,0,https://www.inaturalist.org/photos/302973797
394462840,Synthliboramphus antiquus,0,https://www.inaturalist.org/photos/394462840
299043521,Synthliboramphus antiquus,0,https://www.inaturalist.org/photos/299043521
300662016,Synthliboramphus antiquus,0,https://www.inaturalist.org/photos/300662016
432295216,Synthliboramphus antiquus,0,https://www.inaturalist.org/photos/432295216
393062347,Synthliboramphus antiquus,0,https://www.inaturalist.org/photos/393062347
111405116,Synthliboramphus antiquus,0,https://www.inaturalist.org/photos/111405116
307058361,Synthliboramphus antiquus,0,https://www.inaturalist.org/photos/307058361
441440505,Synthliboramphus antiquus,0,https://www.inaturalist.org/photos/441440505
393062351,Synthliboramphus antiquus,0,https://www.inaturalist.org/photos/393062351
304392863,Synthliboramphus antiquus,0,https://www.inaturalist.org/photos/304392863
318395683,Synthliboramphus antiquus,0,https://www.inaturalist.org/photos/318395683
165918272,Synthliboramphus antiquus,0,https://www.inaturalist.org/photos/165918272
412577636,Synthliboramphus antiquus,0,https://www.inaturalist.org/photos/412577636
422146535,Synthliboramphus antiquus,0,https://www.inaturalist.org/photos/422146535
146313690,Synthliboramphus antiquus,0,https://www.inaturalist.org/photos/146313690
427751684,Synthliboramphus antiquus,0,https://www.inaturalist.org/photos/427751684
308914255,Synthliboramphus antiquus,0,https://www.inaturalist.org/photos/308914255
412577686,Synthliboramphus antiquus,0,https://www.inaturalist.org/photos/412577686
133925025,Synthliboramphus antiquus antiquus,0,https://www.inaturalist.org/photos/133925025
143690161,Synthliboramphus antiquus,0,https://www.inaturalist.org/photos/143690161
307058346,Synthliboramphus antiquus,0,https://www.inaturalist.org/photos/307058346
20882428,Synthliboramphus antiquus,0,https://www.inaturalist.org/photos/20882428
299043617,Synthliboramphus antiquus,0,https://www.inaturalist.org/photos/299043617
402208410,Synthliboramphus antiquus,0,https://www.inaturalist.org/photos/402208410
408762362,Synthliboramphus antiquus,0,https://www.inaturalist.org/photos/408762362
412577229,Synthliboramphus antiquus,0,https://www.inaturalist.org/photos/412577229
302975545,Synthliboramphus antiquus,0,https://www.inaturalist.org/photos/302975545
412577695,Synthliboramphus antiquus,0,https://www.inaturalist.org/photos/412577695
66318137,Synthliboramphus antiquus,0,https://www.inaturalist.org/photos/66318137
303735865,Synthliboramphus antiquus,0,https://www.inaturalist.org/photos/303735865
341859639,Synthliboramphus antiquus,0,https://www.inaturalist.org/photos/341859639
295150395,Synthliboramphus antiquus,0,https://www.inaturalist.org/photos/295150395
138899701,Synthliboramphus antiquus,0,https://www.inaturalist.org/photos/138899701
300662007,Synthliboramphus antiquus,0,https://www.inaturalist.org/photos/300662007
289199172,Synthliboramphus antiquus,0,https://www.inaturalist.org/photos/289199172
393062349,Synthliboramphus antiquus,0,https://www.inaturalist.org/photos/393062349
114683812,Synthliboramphus antiquus,0,https://www.inaturalist.org/photos/114683812
422146542,Synthliboramphus antiquus,0,https://www.inaturalist.org/photos/422146542
146313711,Synthliboramphus antiquus,0,https://www.inaturalist.org/photos/146313711
432295168,Synthliboramphus antiquus,0,https://www.inaturalist.org/photos/432295168
304967414,Synthliboramphus antiquus,0,https://www.inaturalist.org/photos/304967414
300662028,Synthliboramphus antiquus,0,https://www.inaturalist.org/photos/300662028
423679097,Synthliboramphus antiquus,0,https://www.inaturalist.org/photos/423679097
57980841,Synthliboramphus antiquus,0,https://www.inaturalist.org/photos/57980841
416101378,Synthliboramphus antiquus,0,https://www.inaturalist.org/photos/416101378
390106271,Synthliboramphus antiquus,0,https://www.inaturalist.org/photos/390106271
423678890,Synthliboramphus antiquus,0,https://www.inaturalist.org/photos/423678890
297607335,Synthliboramphus antiquus,0,https://www.inaturalist.org/photos/297607335
300965269,Synthliboramphus antiquus,0,https://www.inaturalist.org/photos/300965269
412577565,Synthliboramphus antiquus,0,https://www.inaturalist.org/photos/412577565
307257657,Synthliboramphus antiquus,0,https://www.inaturalist.org/photos/307257657
409900288,Synthliboramphus antiquus,0,https://www.inaturalist.org/photos/409900288
427751768,Synthliboramphus antiquus,0,https://www.inaturalist.org/photos/427751768
299043547,Synthliboramphus antiquus,0,https://www.inaturalist.org/photos/299043547
301416881,Synthliboramphus antiquus,0,https://www.inaturalist.org/photos/301416881
300661577,Synthliboramphus antiquus,0,https://www.inaturalist.org/photos/300661577
390106293,Synthliboramphus antiquus,0,https://www.inaturalist.org/photos/390106293
423679109,Synthliboramphus antiquus,0,https://www.inaturalist.org/photos/423679109
431911664,Synthliboramphus antiquus,0,https://www.inaturalist.org/photos/431911664
427751457,Synthliboramphus antiquus,0,https://www.inaturalist.org/photos/427751457
29281787,Synthliboramphus antiquus,0,https://www.inaturalist.org/photos/29281787
400107406,Synthliboramphus antiquus,0,https://www.inaturalist.org/photos/400107406
414094001,Synthliboramphus antiquus,0,https://www.inaturalist.org/photos/414094001
351528942,Synthliboramphus antiquus,0,https://www.inaturalist.org/photos/351528942
409068375,Synthliboramphus antiquus,0,https://www.inaturalist.org/photos/409068375
418949591,Synthliboramphus antiquus,0,https://www.inaturalist.org/photos/418949591
400107604,Synthliboramphus antiquus,0,https://www.inaturalist.org/photos/400107604
211961468,Synthliboramphus antiquus,0,https://www.inaturalist.org/photos/211961468
390106336,Synthliboramphus antiquus,0,https://www.inaturalist.org/photos/390106336
305260243,Synthliboramphus antiquus,0,https://www.inaturalist.org/photos/305260243
297608588,Synthliboramphus antiquus,0,https://www.inaturalist.org/photos/297608588
176419995,Synthliboramphus antiquus,0,https://www.inaturalist.org/photos/176419995
346220568,Synthliboramphus antiquus,0,https://www.inaturalist.org/photos/346220568
330592988,Synthliboramphus antiquus,0,https://www.inaturalist.org/photos/330592988
217875633,Synthliboramphus antiquus,0,https://www.inaturalist.org/photos/217875633
400107531,Synthliboramphus antiquus,0,https://www.inaturalist.org/photos/400107531
330592982,Synthliboramphus antiquus,0,https://www.inaturalist.org/photos/330592982
36108648,Synthliboramphus antiquus,0,https://www.inaturalist.org/photos/36108648
393062334,Synthliboramphus antiquus,0,https://www.inaturalist.org/photos/393062334
297608578,Synthliboramphus antiquus,0,https://www.inaturalist.org/photos/297608578
394461118,Synthliboramphus antiquus,0,https://www.inaturalist.org/photos/394461118
400107576,Synthliboramphus antiquus,0,https://www.inaturalist.org/photos/400107576
115139832,Synthliboramphus antiquus,0,https://www.inaturalist.org/photos/115139832
402547594,Synthliboramphus antiquus,0,https://www.inaturalist.org/photos/402547594
238868,Synthliboramphus antiquus,0,https://www.inaturalist.org/photos/238868
393062337,Synthliboramphus antiquus,0,https://www.inaturalist.org/photos/393062337
217875632,Synthliboramphus antiquus,0,https://www.inaturalist.org/photos/217875632
403495929,Synthliboramphus antiquus,0,https://www.inaturalist.org/photos/403495929
295150388,Synthliboramphus antiquus,0,https://www.inaturalist.org/photos/295150388
218717662,Synthliboramphus antiquus,0,https://www.inaturalist.org/photos/218717662
146313702,Synthliboramphus antiquus,0,https://www.inaturalist.org/photos/146313702
406765361,Synthliboramphus antiquus,0,https://www.inaturalist.org/photos/406765361
398816131,Synthliboramphus antiquus,0,https://www.inaturalist.org/photos/398816131
119623087,Synthliboramphus antiquus,0,https://www.inaturalist.org/photos/119623087
303404071,Synthliboramphus antiquus,0,https://www.inaturalist.org/photos/303404071
235203228,Synthliboramphus antiquus,0,https://www.inaturalist.org/photos/235203228
211966053,Synthliboramphus antiquus,0,https://www.inaturalist.org/photos/211966053
411858313,Synthliboramphus antiquus,0,https://www.inaturalist.org/photos/411858313
400529183,Synthliboramphus antiquus,0,https://www.inaturalist.org/photos/400529183
115139618,Synthliboramphus antiquus,0,https://www.inaturalist.org/photos/115139618
107610880,Synthliboramphus antiquus,0,https://www.inaturalist.org/photos/107610880
300661587,Synthliboramphus antiquus,0,https://www.inaturalist.org/photos/300661587
401477516,Synthliboramphus antiquus,0,https://www.inaturalist.org/photos/401477516
320148678,Synthliboramphus antiquus,0,https://www.inaturalist.org/photos/320148678
400529182,Synthliboramphus antiquus,0,https://www.inaturalist.org/photos/400529182
427751747,Synthliboramphus antiquus,0,https://www.inaturalist.org/photos/427751747
398816114,Synthliboramphus antiquus,0,https://www.inaturalist.org/photos/398816114
300661565,Synthliboramphus antiquus,0,https://www.inaturalist.org/photos/300661565
145252395,Synthliboramphus antiquus,0,https://www.inaturalist.org/photos/145252395
400909555,Synthliboramphus antiquus,0,https://www.inaturalist.org/photos/400909555
20946509,Synthliboramphus antiquus,0,https://www.inaturalist.org/photos/20946509
432750768,Synthliboramphus antiquus,0,https://www.inaturalist.org/photos/432750768
405031505,Synthliboramphus antiquus,0,https://www.inaturalist.org/photos/405031505
24390155,Synthliboramphus antiquus,0,https://www.inaturalist.org/photos/24390155
432750772,Synthliboramphus antiquus,0,https://www.inaturalist.org/photos/432750772
211966043,Synthliboramphus antiquus,0,https://www.inaturalist.org/photos/211966043
286298011,Synthliboramphus antiquus,0,https://www.inaturalist.org/photos/286298011
297608613,Synthliboramphus antiquus,0,https://www.inaturalist.org/photos/297608613
244613413,Synthliboramphus antiquus,0,https://www.inaturalist.org/photos/244613413
145222210,Synthliboramphus antiquus,0,https://www.inaturalist.org/photos/145222210
400530973,Synthliboramphus antiquus,0,https://www.inaturalist.org/photos/400530973