photo_id,species,marked,inat_url
8938322,Synthliboramphus antiquus,0,https://www.inaturalist.org/photos/8938322
337453287,Synthliboramphus antiquus,0,https://www.inaturalist.org/photos/337453287
306040946,Synthliboramphus antiquus,0,https://www.inaturalist.org/photos/306040946
412577236,Synthliboramphus antiquus,0,https://www.inaturalist.org/photos/412577236
414093990,Synthliboramphus antiquus,0,https://www.inaturalist.org/photos/414093990
1491858,Synthliboramphus antiquus,0,https://www.inaturalist.org/photos/1491858
8938324,Synthliboramphus antiquus,0,https://www.inaturalist.org/photos/8938324
308913433,Synthliboramphus antiquus,0,https://www.inaturalist.org/photos/308913433
313319956,Synthliboramphus antiquus,0,https://www.inaturalist.org/photos/313319956
412577219,Synthliboramphus antiquus,0,https://www.inaturalist.org/photos/412577219
138899718,Synthliboramphus antiquus,0,https://www.inaturalist.org/photos/138899718
306604102,Synthliboramphus antiquus,0,https://www.inaturalist.org/photos/306604102
412577146,Synthliboramphus antiquus,0,https://www.inaturalist.org/photos/412577146
409071533,Synthliboramphus antiquus,0,https://www.inaturalist.org/photos/409071533
308914307,Synthliboramphus antiquus,0,https://www.inaturalist.org/photos/308914307
295150402,Synthliboramphus antiquus,0,https://www.inaturalist.org/photos/295150402
302491128,Synthliboramphus antiquus,0,https://www.inaturalist.org/photos/302491128
244220761,Synthliboramphus antiquus,0,https://www.inaturalist.org/photos/244220761
419526286,Synthliboramphus antiquus,0,https://www.inaturalist.org/photos/419526286
392265575,Synthliboramphus antiquus,0,https://www.inaturalist.org/photos/392265575
409068406,Synthliboramphus antiquus,0,https://www.inaturalist.org/photos/409068406
394888865,Synthliboramphus antiquus,0,https://www.inaturalist.org/photos/394888865
302973025,Synthliboramphus antiquus,0,https://www.inaturalist.org/photos/302973025
403328200,Synthliboramphus antiquus,0,https://www.inaturalist.org/photos/403328200
394462840,Synthliboramphus antiquus,0,https://www.inaturalist.org/photos/394462840
423679121,Synthliboramphus antiquus,0,https://www.inaturalist.org/photos/423679121
300662018,Synthliboramphus antiquus,0,https://www.inaturalist.org/photos/300662018
394462842,Synthliboramphus antiquus,0,https://www.inaturalist.org/photos/394462842
300301470,Synthliboramphus antiquus,0,https://www.inaturalist.org/photos/300301470
244220739,Synthliboramphus antiquus,0,https://www.inaturalist.org/photos/244220739
304392920,Synthliboramphus antiquus,0,https://www.inaturalist.org/photos/304392920
304392901,Synthliboramphus antiquus,0,https://www.inaturalist.org/photos/304392901
432295214,Synthliboramphus antiquus,0,https://www.inaturalist.org/photos/432295214
302973797,Synthliboramphus antiquus,0,https://www.inaturalist.org/photos/302973797
114683806,Synthliboramphus antiquus,0,https://www.inaturalist.org/photos/114683806
2709799,Synthliboramphus antiquus,0,https://www.inaturalist.org/photos/2709799
402547582,Synthliboramphus antiquus,0,https://www.inaturalist.org/photos/402547582
393062347,Synthliboramphus antiquus,0,https://www.inaturalist.org/photos/393062347
20882427,Synthliboramphus antiquus,0,https://www.inaturalist.org/photos/20882427
393062351,Synthliboramphus antiquus,0,https://www.inaturalist.org/photos/393062351
20882429,Synthliboramphus antiquus,0,https://www.inaturalist.org/photos/20882429
133925025,Synthliboramphus antiquus antiquus,0,https://www.inaturalist.org/photos/133925025
412577636,Synthliboramphus antiquus,0,https://www.inaturalist.org/photos/412577636
318395683,Synthliboramphus antiquus,0,https://www.inaturalist.org/photos/318395683
321746717,Synthliboramphus antiquus,0,https://www.inaturalist.org/photos/321746717
301416869,Synthliboramphus antiquus,0,https://www.inaturalist.org/photos/301416869
244220770,Synthliboramphus antiquus,0,https://www.inaturalist.org/photos/244220770
402208410,Synthliboramphus antiquus,0,https://www.inaturalist.org/photos/402208410
307058346,Synthliboramphus antiquus,0,https://www.inaturalist.org/photos/307058346
115139856,Synthliboramphus antiquus,0,https://www.inaturalist.org/photos/115139856
412569088,Synthliboramphus antiquus,0,https://www.inaturalist.org/photos/412569088
306603997,Synthliboramphus antiquus,0,https://www.inaturalist.org/photos/306603997
423678788,Synthliboramphus antiquus,0,https://www.inaturalist.org/photos/423678788
409083477,Synthliboramphus antiquus,0,https://www.inaturalist.org/photos/409083477
398816097,Synthliboramphus antiquus,0,https://www.inaturalist.org/photos/398816097
403328195,Synthliboramphus antiquus,0,https://www.inaturalist.org/photos/403328195
304284159,Synthliboramphus antiquus,0,https://www.inaturalist.org/photos/304284159
412577565,Synthliboramphus antiquus,0,https://www.inaturalist.org/photos/412577565
408777986,Synthliboramphus antiquus,0,https://www.inaturalist.org/photos/408777986
218717897,Synthliboramphus antiquus,0,https://www.inaturalist.org/photos/218717897
286466169,Synthliboramphus antiquus,0,https://www.inaturalist.org/photos/286466169
307058361,Synthliboramphus antiquus,0,https://www.inaturalist.org/photos/307058361
5511244,Synthliboramphus antiquus,0,https://www.inaturalist.org/photos/5511244
138900194,Synthliboramphus antiquus,0,https://www.inaturalist.org/photos/138900194
422146535,Synthliboramphus antiquus,0,https://www.inaturalist.org/photos/422146535
295150378,Synthliboramphus antiquus,0,https://www.inaturalist.org/photos/295150378
414666205,Synthliboramphus antiquus,0,https://www.inaturalist.org/photos/414666205
412577686,Synthliboramphus antiquus,0,https://www.inaturalist.org/photos/412577686
304392893,Synthliboramphus antiquus,0,https://www.inaturalist.org/photos/304392893
306790505,Synthliboramphus antiquus,0,https://www.inaturalist.org/photos/306790505
412577695,Synthliboramphus antiquus,0,https://www.inaturalist.org/photos/412577695
20882372,Synthliboramphus antiquus,0,https://www.inaturalist.org/photos/20882372
165918272,Synthliboramphus antiquus,0,https://www.inaturalist.org/photos/165918272
422146542,Synthliboramphus antiquus,0,https://www.inaturalist.org/photos/422146542
211966036,Synthliboramphus antiquus,0,https://www.inaturalist.org/photos/211966036
408762362,Synthliboramphus antiquus,0,https://www.inaturalist.org/photos/408762362
393062349,Synthliboramphus antiquus,0,https://www.inaturalist.org/photos/393062349
409900288,Synthliboramphus antiquus,0,https://www.inaturalist.org/photos/409900288
302975545,Synthliboramphus antiquus,0,https://www.inaturalist.org/photos/302975545
20708097,Synthliboramphus antiquus,0,https://www.inaturalist.org/photos/20708097
146313690,Synthliboramphus antiquus,0,https://www.inaturalist.org/photos/146313690
305260243,Synthliboramphus antiquus,0,https://www.inaturalist.org/photos/305260243
111404749,Synthliboramphus antiquus,0,https://www.inaturalist.org/photos/111404749
304967414,Synthliboramphus antiquus,0,https://www.inaturalist.org/photos/304967414
215342031,Synthliboramphus antiquus,0,https://www.inaturalist.org/photos/215342031
295150395,Synthliboramphus antiquus,0,https://www.inaturalist.org/photos/295150395
427751684,Synthliboramphus antiquus,0,https://www.inaturalist.org/photos/427751684
417275713,Synthliboramphus antiquus,0,https://www.inaturalist.org/photos/417275713
416101378,Synthliboramphus antiquus,0,https://www.inaturalist.org/photos/416101378
423677661,Synthliboramphus antiquus,0,https://www.inaturalist.org/photos/423677661
289199172,Synthliboramphus antiquus,0,https://www.inaturalist.org/photos/289199172
57980841,Synthliboramphus antiquus,0,https://www.inaturalist.org/photos/57980841
423679159,Synthliboramphus antiquus,0,https://www.inaturalist.org/photos/423679159
341859639,Synthliboramphus antiquus,0,https://www.inaturalist.org/photos/341859639
10396264,Synthliboramphus antiquus,0,https://www.inaturalist.org/photos/10396264
138899701,Synthliboramphus antiquus,0,https://www.inaturalist.org/photos/138899701
423678873,Synthliboramphus antiquus,0,https://www.inaturalist.org/photos/423678873
423679097,Synthliboramphus antiquus,0,https://www.inaturalist.org/photos/423679097
307257657,Synthliboramphus antiquus,0,https://www.inaturalist.org/photos/307257657
431911664,Synthliboramphus antiquus,0,https://www.inaturalist.org/photos/431911664
417275734,Synthliboramphus antiquus,0,https://www.inaturalist.org/photos/417275734
417275720,Synthliboramphus antiquus,0,https://www.inaturalist.org/photos/417275720
330592988,Synthliboramphus antiquus,0,https://www.inaturalist.org/photos/330592988
157048896,Synthliboramphus antiquus,0,https://www.inaturalist.org/photos/157048896
432295216,Synthliboramphus antiquus,0,https://www.inaturalist.org/photos/432295216
409068375,Synthliboramphus antiquus,0,https://www.inaturalist.org/photos/409068375
300662028,Synthliboramphus antiquus,0,https://www.inaturalist.org/photos/300662028
299043521,Synthliboramphus antiquus,0,https://www.inaturalist.org/photos/299043521
414094001,Synthliboramphus antiquus,0,https://www.inaturalist.org/photos/414094001
244221319,Synthliboramphus antiquus,0,https://www.inaturalist.org/photos/244221319
4382442,Synthliboramphus antiquus,0,https://www.inaturalist.org/photos/4382442
114683812,Synthliboramphus antiquus,0,https://www.inaturalist.org/photos/114683812
440980374,Synthliboramphus antiquus,0,https://www.inaturalist.org/photos/440980374
304392863,Synthliboramphus antiquus,0,https://www.inaturalist.org/photos/304392863
393062337,Synthliboramphus antiquus,0,https://www.inaturalist.org/photos/393062337
300965269,Synthliboramphus antiquus,0,https://www.inaturalist.org/photos/300965269
300662016,Synthliboramphus antiquus,0,https://www.inaturalist.org/photos/300662016
308914255,Synthliboramphus antiquus,0,https://www.inaturalist.org/photos/308914255
303735865,Synthliboramphus antiquus,0,https://www.inaturalist.org/photos/303735865
441440510,Synthliboramphus antiquus,0,https://www.inaturalist.org/photos/441440510
299043617,Synthliboramphus antiquus,0,https://www.inaturalist.org/photos/299043617
301416881,Synthliboramphus antiquus,0,https://www.inaturalist.org/photos/301416881
143690161,Synthliboramphus antiquus,0,https://www.inaturalist.org/photos/143690161
330592982,Synthliboramphus antiquus,0,https://www.inaturalist.org/photos/330592982
423678890,Synthliboramphus antiquus,0,https://www.inaturalist.org/photos/423678890
427751457,Synthliboramphus antiquus,0,https://www.inaturalist.org/photos/427751457
412577229,Synthliboramphus antiquus,0,https://www.inaturalist.org/photos/412577229
297607335,Synthliboramphus antiquus,0,https://www.inaturalist.org/photos/297607335
400107576,Synthliboramphus antiquus,0,https://www.inaturalist.org/photos/400107576
403495929,Synthliboramphus antiquus,0,https://www.inaturalist.org/photos/403495929
299043579,Synthliboramphus antiquus,0,https://www.inaturalist.org/photos/299043579
440979974,Synthliboramphus antiquus,0,https://www.inaturalist.org/photos/440979974
393062334,Synthliboramphus antiquus,0,https://www.inaturalist.org/photos/393062334
441440505,Synthliboramphus antiquus,0,https://www.inaturalist.org/photos/441440505
300662007,Synthliboramphus antiquus,0,https://www.inaturalist.org/photos/300662007
20882428,Synthliboramphus antiquus,0,https://www.inaturalist.org/photos/20882428
390106271,Synthliboramphus antiquus,0,https://www.inaturalist.org/photos/390106271
146313711,Synthliboramphus antiquus,0,https://www.inaturalist.org/photos/146313711
218717662,Synthliboramphus antiquus,0,https://www.inaturalist.org/photos/218717662
400107604,Synthliboramphus antiquus,0,https://www.inaturalist.org/photos/400107604
400107531,Synthliboramphus antiquus,0,https://www.inaturalist.org/photos/400107531
119623087,Synthliboramphus antiquus,0,https://www.inaturalist.org/photos/119623087
390106293,Synthliboramphus antiquus,0,https://www.inaturalist.org/photos/390106293
238868,Synthliboramphus antiquus,0,https://www.inaturalist.org/photos/238868
402547594,Synthliboramphus antiquus,0,https://www.inaturalist.org/photos/402547594
295150388,Synthliboramphus antiquus,0,https://www.inaturalist.org/photos/295150388
115139832,Synthliboramphus antiquus,0,https://www.inaturalist.org/photos/115139832
111405116,Synthliboramphus antiquus,0,https://www.inaturalist.org/photos/111405116
418949591,Synthliboramphus antiquus,0,https://www.inaturalist.org/photos/418949591
300661577,Synthliboramphus antiquus,0,https://www.inaturalist.org/photos/300661577
394461118,Synthliboramphus antiquus,0,https://www.inaturalist.org/photos/394461118
390106336,Synthliboramphus antiquus,0,https://www.inaturalist.org/photos/390106336
400107406,Synthliboramphus antiquus,0,https://www.inaturalist.org/photos/400107406
36108648,Synthliboramphus antiquus,0,https://www.inaturalist.org/photos/36108648
432295168,Synthliboramphus antiquus,0,https://www.inaturalist.org/photos/432295168
299043547,Synthliboramphus antiquus,0,https://www.inaturalist.org/photos/299043547
427751768,Synthliboramphus antiquus,0,https://www.inaturalist.org/photos/427751768
423679109,Synthliboramphus antiquus,0,https://www.inaturalist.org/photos/423679109
440980237,Synthliboramphus antiquus,0,https://www.inaturalist.org/photos/440980237
66318137,Synthliboramphus antiquus,0,https://www.inaturalist.org/photos/66318137
157048910,Synthliboramphus antiquus,0,https://www.inaturalist.org/photos/157048910
411858313,Synthliboramphus antiquus,0,https://www.inaturalist.org/photos/411858313
303404071,Synthliboramphus antiquus,0,https://www.inaturalist.org/photos/303404071
145252395,Synthliboramphus antiquus,0,https://www.inaturalist.org/photos/145252395
29281787,Synthliboramphus antiquus,0,https://www.inaturalist.org/photos/29281787
217875633,Synthliboramphus antiquus,0,https://www.inaturalist.org/photos/217875633
176419995,Synthliboramphus antiquus,0,https://www.inaturalist.org/photos/176419995
398816114,Synthliboramphus antiquus,0,https://www.inaturalist.org/photos/398816114
217875632,Synthliboramphus antiquus,0,https://www.inaturalist.org/photos/217875632
211961468,Synthliboramphus antiquus,0,https://www.inaturalist.org/photos/211961468
405031505,Synthliboramphus antiquus,0,https://www.inaturalist.org/photos/405031505
216658737,Synthliboramphus antiquus,0,https://www.inaturalist.org/photos/216658737
400529183,Synthliboramphus antiquus,0,https://www.inaturalist.org/photos/400529183
146313702,Synthliboramphus antiquus,0,https://www.inaturalist.org/photos/146313702
398816131,Synthliboramphus antiquus,0,https://www.inaturalist.org/photos/398816131
406765361,Synthliboramphus antiquus,0,https://www.inaturalist.org/photos/406765361
107610880,Synthliboramphus antiquus,0,https://www.inaturalist.org/photos/107610880
235203228,Synthliboramphus antiquus,0,https://www.inaturalist.org/photos/235203228
400529182,Synthliboramphus antiquus,0,https://www.inaturalist.org/photos/400529182
211966053,Synthliboramphus antiquus,0,https://www.inaturalist.org/photos/211966053
297608613,Synthliboramphus antiquus,0,https://www.inaturalist.org/photos/297608613
427751747,Synthliboramphus antiquus,0,https://www.inaturalist.org/photos/427751747
300661587,Synthliboramphus antiquus,0,https://www.inaturalist.org/photos/300661587
300661565,Synthliboramphus antiquus,0,https://www.inaturalist.org/photos/300661565
401477516,Synthliboramphus antiquus,0,https://www.inaturalist.org/photos/401477516
24390155,Synthliboramphus antiquus,0,https://www.inaturalist.org/photos/24390155
216658687,Synthliboramphus antiquus,0,https://www.inaturalist.org/photos/216658687
115139618,Synthliboramphus antiquus,0,https://www.inaturalist.org/photos/115139618
400909555,Synthliboramphus antiquus,0,https://www.inaturalist.org/photos/400909555
20946509,Synthliboramphus antiquus,0,https://www.inaturalist.org/photos/20946509
145222210,Synthliboramphus antiquus,0,https://www.inaturalist.org/photos/145222210
216658521,Synthliboramphus antiquus,0,https://www.inaturalist.org/photos/216658521
320148678,Synthliboramphus antiquus,0,https://www.inaturalist.org/photos/320148678
244613413,Synthliboramphus antiquus,0,https://www.inaturalist.org/photos/244613413
432750768,Synthliboramphus antiquus,0,https://www.inaturalist.org/photos/432750768
432750772,Synthliboramphus antiquus,0,https://www.inaturalist.org/photos/432750772